#,Name,Generation,Sublegendary,Legendary,Mythical,Type1,Type2,Height,Weight,Hp,Attack,Defense,Speed,Experience
1,Bulbasaur,1,0,0,0,Grass,Poison,0.7,6.9,45,49,49,45,64
2,Ivysaur,1,0,0,0,Grass,Poison,1,13,60,62,63,60,142
3,Venusaur,1,0,0,0,Grass,Poison,2,100,80,82,83,80,236
3,Mega Venusaur,1,0,0,0,Grass,Poison,2.4,155.5,80,100,123,80,281
4,Charmander,1,0,0,0,Fire,,0.6,8.5,39,52,43,65,62
5,Charmeleon,1,0,0,0,Fire,,1.1,19,58,64,58,80,142
6,Charizard,1,0,0,0,Fire,Flying,1.7,90.5,78,84,78,100,240
6,Mega Charizard X,1,0,0,0,Fire,Dragon,1.7,110.5,78,130,111,100,285
6,Mega Charizard Y,1,0,0,0,Fire,Flying,1.7,100.5,78,104,78,100,285
7,Squirtle,1,0,0,0,Water,,0.5,9,44,48,65,43,63
8,Wartortle,1,0,0,0,Water,,1,22.5,59,63,80,58,142
9,Blastoise,1,0,0,0,Water,,1.6,85.5,79,83,100,78,239
9,Mega Blastoise,1,0,0,0,Water,,1.6,101.1,79,103,120,78,284
10,Caterpie,1,0,0,0,Bug,,0.3,2.9,45,30,35,45,39
11,Metapod,1,0,0,0,Bug,,0.7,9.9,50,20,55,30,72
12,Butterfree,1,0,0,0,Bug,Flying,1.1,32,60,45,50,70,178
13,Weedle,1,0,0,0,Bug,Poison,0.3,3.2,40,35,30,50,39
14,Kakuna,1,0,0,0,Bug,Poison,0.6,10,45,25,50,35,72
15,Beedrill,1,0,0,0,Bug,Poison,1,29.5,65,90,40,75,178
15,Mega Beedrill,1,0,0,0,Bug,Poison,1.4,40.5,65,150,40,145,223
16,Pidgey,1,0,0,0,Normal,Flying,0.3,1.8,40,45,40,56,50
17,Pidgeotto,1,0,0,0,Normal,Flying,1.1,30,63,60,55,71,122
18,Pidgeot,1,0,0,0,Normal,Flying,1.5,39.5,83,80,75,101,216
18,Mega Pidgeot,1,0,0,0,Normal,Flying,2.2,50.5,83,80,80,121,261
19,Rattata,1,0,0,0,Normal,,0.3,3.5,30,56,35,72,51
19,Alolan Rattata,1,0,0,0,Dark,Normal,0.3,3.8,30,56,35,72,51
20,Raticate,1,0,0,0,Normal,,0.7,18.5,55,81,60,97,145
20,Alolan Raticate,1,0,0,0,Dark,Normal,0.7,25.5,75,71,70,77,145
21,Spearow,1,0,0,0,Normal,Flying,0.3,2,40,60,30,70,52
22,Fearow,1,0,0,0,Normal,Flying,1.2,38,65,90,65,100,155
23,Ekans,1,0,0,0,Poison,,2,6.9,35,60,44,55,58
24,Arbok,1,0,0,0,Poison,,3.5,65,60,95,69,80,157
25,Pikachu,1,0,0,0,Electric,,0.4,6,35,55,40,90,112
25,Partner Pikachu,1,0,0,0,Electric,,0.4,6,45,80,50,120,112
26,Raichu,1,0,0,0,Electric,,0.8,30,60,90,55,110,218
26,Alolan Raichu,1,0,0,0,Electric,Psychic,0.7,21,60,85,50,110,218
27,Sandshrew,1,0,0,0,Ground,,0.6,12,50,75,85,40,60
27,Alolan Sandshrew,1,0,0,0,Ice,Steel,0.7,40,50,75,90,40,60
28,Sandslash,1,0,0,0,Ground,,1,29.5,75,100,110,65,158
28,Alolan Sandslash,1,0,0,0,Ice,Steel,1.2,55,75,100,120,65,158
29,Nidoran?™€,1,0,0,0,Poison,,0.4,7,55,47,52,41,55
30,Nidorina,1,0,0,0,Poison,,0.8,20,70,62,67,56,128
31,Nidoqueen,1,0,0,0,Poison,Ground,1.3,60,90,92,87,76,227
32,Nidoran?™‚,1,0,0,0,Poison,,0.5,9,46,57,40,50,55
33,Nidorino,1,0,0,0,Poison,,0.9,19.5,61,72,57,65,128
34,Nidoking,1,0,0,0,Poison,Ground,1.4,62,81,102,77,85,227
35,Clefairy,1,0,0,0,Fairy,,0.6,7.5,70,45,48,35,113
36,Clefable,1,0,0,0,Fairy,,1.3,40,95,70,73,60,217
37,Vulpix,1,0,0,0,Fire,,0.6,9.9,38,41,40,65,60
37,Alolan Vulpix,1,0,0,0,Ice,,0.6,9.9,38,41,40,65,60
38,Ninetales,1,0,0,0,Fire,,1.1,19.9,73,76,75,100,177
38,Alolan Ninetales,1,0,0,0,Ice,Fairy,1.1,19.9,73,67,75,109,177
39,Jigglypuff,1,0,0,0,Normal,Fairy,0.5,5.5,115,45,20,20,95
40,Wigglytuff,1,0,0,0,Normal,Fairy,1,12,140,70,45,45,196
41,Zubat,1,0,0,0,Poison,Flying,0.8,7.5,40,45,35,55,49
42,Golbat,1,0,0,0,Poison,Flying,1.6,55,75,80,70,90,159
43,Oddish,1,0,0,0,Grass,Poison,0.5,5.4,45,50,55,30,64
44,Gloom,1,0,0,0,Grass,Poison,0.8,8.6,60,65,70,40,138
45,Vileplume,1,0,0,0,Grass,Poison,1.2,18.6,75,80,85,50,221
46,Paras,1,0,0,0,Bug,Grass,0.3,5.4,35,70,55,25,57
47,Parasect,1,0,0,0,Bug,Grass,1,29.5,60,95,80,30,142
48,Venonat,1,0,0,0,Bug,Poison,1,30,60,55,50,45,61
49,Venomoth,1,0,0,0,Bug,Poison,1.5,12.5,70,65,60,90,158
50,Diglett,1,0,0,0,Ground,,0.2,0.8,10,55,25,95,53
50,Alolan Diglett,1,0,0,0,Ground,Steel,0.2,1,10,55,30,90,53
51,Dugtrio,1,0,0,0,Ground,,0.7,33.3,35,100,50,120,149
51,Alolan Dugtrio,1,0,0,0,Ground,Steel,0.7,66.6,35,100,60,110,149
52,Meowth,1,0,0,0,Normal,,0.4,4.2,40,45,35,90,58
52,Alolan Meowth,1,0,0,0,Dark,,0.4,4.2,40,35,35,90,58
52,Galarian Meowth,1,0,0,0,Steel,,0.4,7.5,50,65,55,40,
53,Persian,1,0,0,0,Normal,,1,32,65,70,60,115,154
53,Alolan Persian,1,0,0,0,Dark,,1.1,33,65,60,60,115,154
54,Psyduck,1,0,0,0,Water,,0.8,19.6,50,52,48,55,64
55,Golduck,1,0,0,0,Water,,1.7,76.6,80,82,78,85,175
56,Mankey,1,0,0,0,Fighting,,0.5,28,40,80,35,70,61
57,Primeape,1,0,0,0,Fighting,,1,32,65,105,60,95,159
58,Growlithe,1,0,0,0,Fire,,0.7,19,55,70,45,60,70
59,Arcanine,1,0,0,0,Fire,,1.9,155,90,110,80,95,194
60,Poliwag,1,0,0,0,Water,,0.6,12.4,40,50,40,90,60
61,Poliwhirl,1,0,0,0,Water,,1,20,65,65,65,90,135
62,Poliwrath,1,0,0,0,Water,Fighting,1.3,54,90,95,95,70,230
63,Abra,1,0,0,0,Psychic,,0.9,19.5,25,20,15,90,62
64,Kadabra,1,0,0,0,Psychic,,1.3,56.5,40,35,30,105,140
65,Alakazam,1,0,0,0,Psychic,,1.5,48,55,50,45,120,225
65,Mega Alakazam,1,0,0,0,Psychic,,1.2,48,55,50,65,150,270
66,Machop,1,0,0,0,Fighting,,0.8,19.5,70,80,50,35,61
67,Machoke,1,0,0,0,Fighting,,1.5,70.5,80,100,70,45,142
68,Machamp,1,0,0,0,Fighting,,1.6,130,90,130,80,55,227
69,Bellsprout,1,0,0,0,Grass,Poison,0.7,4,50,75,35,40,60
70,Weepinbell,1,0,0,0,Grass,Poison,1,6.4,65,90,50,55,137
71,Victreebel,1,0,0,0,Grass,Poison,1.7,15.5,80,105,65,70,221
72,Tentacool,1,0,0,0,Water,Poison,0.9,45.5,40,40,35,70,67
73,Tentacruel,1,0,0,0,Water,Poison,1.6,55,80,70,65,100,180
74,Geodude,1,0,0,0,Rock,Ground,0.4,20,40,80,100,20,60
74,Alolan Geodude,1,0,0,0,Rock,Electric,0.4,20.3,40,80,100,20,60
75,Graveler,1,0,0,0,Rock,Ground,1,105,55,95,115,35,137
75,Alolan Graveler,1,0,0,0,Rock,Electric,1,110,55,95,115,35,137
76,Golem,1,0,0,0,Rock,Ground,1.4,300,80,120,130,45,223
76,Alolan Golem,1,0,0,0,Rock,Electric,1.7,316,80,120,130,45,223
77,Ponyta,1,0,0,0,Fire,,1,30,50,85,55,90,82
77,Galarian Ponyta,1,0,0,0,Psychic,,0.8,24,50,85,55,90,
78,Rapidash,1,0,0,0,Fire,,1.7,95,65,100,70,105,175
78,Galarian Rapidash,1,0,0,0,Psychic,Fairy,1.7,80,65,100,70,105,
79,Slowpoke,1,0,0,0,Water,Psychic,1.2,36,90,65,65,15,63
80,Slowbro,1,0,0,0,Water,Psychic,1.6,78.5,95,75,110,30,172
80,Mega Slowbro,1,0,0,0,Water,Psychic,2,120,95,75,180,30,207
81,Magnemite,1,0,0,0,Electric,Steel,0.3,6,25,35,70,45,65
82,Magneton,1,0,0,0,Electric,Steel,1,60,50,60,95,70,163
83,Farfetch'd,1,0,0,0,Normal,Flying,0.8,15,52,90,55,60,132
83,Galarian Farfetch'd,1,0,0,0,Fighting,,0.8,42,52,95,55,55,
84,Doduo,1,0,0,0,Normal,Flying,1.4,39.2,35,85,45,75,62
85,Dodrio,1,0,0,0,Normal,Flying,1.8,85.2,60,110,70,110,165
86,Seel,1,0,0,0,Water,,1.1,90,65,45,55,45,65
87,Dewgong,1,0,0,0,Water,Ice,1.7,120,90,70,80,70,166
88,Grimer,1,0,0,0,Poison,,0.9,30,80,80,50,25,65
88,Alolan Grimer,1,0,0,0,Poison,Dark,0.7,42,80,80,50,25,65
89,Muk,1,0,0,0,Poison,,1.2,30,105,105,75,50,175
89,Alolan Muk,1,0,0,0,Poison,Dark,1,52,105,105,75,50,175
90,Shellder,1,0,0,0,Water,,0.3,4,30,65,100,40,61
91,Cloyster,1,0,0,0,Water,Ice,1.5,132.5,50,95,180,70,184
92,Gastly,1,0,0,0,Ghost,Poison,1.3,0.1,30,35,30,80,62
93,Haunter,1,0,0,0,Ghost,Poison,1.6,0.1,45,50,45,95,142
94,Gengar,1,0,0,0,Ghost,Poison,1.5,40.5,60,65,60,110,225
94,Mega Gengar,1,0,0,0,Ghost,Poison,1.4,40.5,60,65,80,130,270
95,Onix,1,0,0,0,Rock,Ground,8.8,210,35,45,160,70,77
96,Drowzee,1,0,0,0,Psychic,,1,32.4,60,48,45,42,66
97,Hypno,1,0,0,0,Psychic,,1.6,75.6,85,73,70,67,169
98,Krabby,1,0,0,0,Water,,0.4,6.5,30,105,90,50,65
99,Kingler,1,0,0,0,Water,,1.3,60,55,130,115,75,166
100,Voltorb,1,0,0,0,Electric,,0.5,10.4,40,30,50,100,66
101,Electrode,1,0,0,0,Electric,,1.2,66.6,60,50,70,150,172
102,Exeggcute,1,0,0,0,Grass,Psychic,0.4,2.5,60,40,80,40,65
103,Exeggutor,1,0,0,0,Grass,Psychic,2,120,95,95,85,55,186
103,Alolan Exeggutor,1,0,0,0,Grass,Dragon,10.9,415.6,95,105,85,45,186
104,Cubone,1,0,0,0,Ground,,0.4,6.5,50,50,95,35,64
105,Marowak,1,0,0,0,Ground,,1,45,60,80,110,45,149
105,Alolan Marowak,1,0,0,0,Fire,Ghost,1,34,60,80,110,45,149
106,Hitmonlee,1,0,0,0,Fighting,,1.5,49.8,50,120,53,87,159
107,Hitmonchan,1,0,0,0,Fighting,,1.4,50.2,50,105,79,76,159
108,Lickitung,1,0,0,0,Normal,,1.2,65.5,90,55,75,30,77
109,Koffing,1,0,0,0,Poison,,0.6,1,40,65,95,35,68
110,Weezing,1,0,0,0,Poison,,1.2,9.5,65,90,120,60,172
110,Galarian Weezing,1,0,0,0,Poison,Fairy,3,16,65,90,120,60,
111,Rhyhorn,1,0,0,0,Ground,Rock,1,115,80,85,95,25,69
112,Rhydon,1,0,0,0,Ground,Rock,1.9,120,105,130,120,40,170
113,Chansey,1,0,0,0,Normal,,1.1,34.6,250,5,5,50,395
114,Tangela,1,0,0,0,Grass,,1,35,65,55,115,60,87
115,Kangaskhan,1,0,0,0,Normal,,2.2,80,105,95,80,90,172
115,Mega Kangaskhan,1,0,0,0,Normal,,2.2,100,105,125,100,100,207
116,Horsea,1,0,0,0,Water,,0.4,8,30,40,70,60,59
117,Seadra,1,0,0,0,Water,,1.2,25,55,65,95,85,154
118,Goldeen,1,0,0,0,Water,,0.6,15,45,67,60,63,64
119,Seaking,1,0,0,0,Water,,1.3,39,80,92,65,68,158
120,Staryu,1,0,0,0,Water,,0.8,34.5,30,45,55,85,68
121,Starmie,1,0,0,0,Water,Psychic,1.1,80,60,75,85,115,182
122,Mr. Mime,1,0,0,0,Psychic,Fairy,1.3,54.5,40,45,65,90,161
122,Galarian Mr. Mime,1,0,0,0,Psychic,Ice,1.4,56.8,50,65,65,100,
123,Scyther,1,0,0,0,Bug,Flying,1.5,56,70,110,80,105,100
124,Jynx,1,0,0,0,Ice,Psychic,1.4,40.6,65,50,35,95,159
125,Electabuzz,1,0,0,0,Electric,,1.1,30,65,83,57,105,172
126,Magmar,1,0,0,0,Fire,,1.3,44.5,65,95,57,93,173
127,Pinsir,1,0,0,0,Bug,,1.5,55,65,125,100,85,175
127,Mega Pinsir,1,0,0,0,Bug,Flying,1.7,59,65,155,120,105,210
128,Tauros,1,0,0,0,Normal,,1.4,88.4,75,100,95,110,172
129,Magikarp,1,0,0,0,Water,,0.9,10,20,10,55,80,40
130,Gyarados,1,0,0,0,Water,Flying,6.5,235,95,125,79,81,189
130,Mega Gyarados,1,0,0,0,Water,Dark,6.5,305,95,155,109,81,224
131,Lapras,1,0,0,0,Water,Ice,2.5,220,130,85,80,60,187
132,Ditto,1,0,0,0,Normal,,0.3,4,48,48,48,48,101
133,Eevee,1,0,0,0,Normal,,0.3,6.5,55,55,50,55,65
133,Partner Eevee,1,0,0,0,Normal,,0.3,6.5,65,75,70,75,65
134,Vaporeon,1,0,0,0,Water,,1,29,130,65,60,65,184
135,Jolteon,1,0,0,0,Electric,,0.8,24.5,65,65,60,130,184
136,Flareon,1,0,0,0,Fire,,0.9,25,65,130,60,65,184
137,Porygon,1,0,0,0,Normal,,0.8,36.5,65,60,70,40,79
138,Omanyte,1,0,0,0,Rock,Water,0.4,7.5,35,40,100,35,71
139,Omastar,1,0,0,0,Rock,Water,1,35,70,60,125,55,173
140,Kabuto,1,0,0,0,Rock,Water,0.5,11.5,30,80,90,55,71
141,Kabutops,1,0,0,0,Rock,Water,1.3,40.5,60,115,105,80,173
142,Aerodactyl,1,0,0,0,Rock,Flying,1.8,59,80,105,65,130,180
142,Mega Aerodactyl,1,0,0,0,Rock,Flying,2.1,79,80,135,85,150,215
143,Snorlax,1,0,0,0,Normal,,2.1,460,160,110,65,30,189
144,Articuno,1,1,0,0,Ice,Flying,1.7,55.4,90,85,100,85,261
145,Zapdos,1,1,0,0,Electric,Flying,1.6,52.6,90,90,85,100,261
146,Moltres,1,1,0,0,Fire,Flying,2,60,90,100,90,90,261
147,Dratini,1,0,0,0,Dragon,,1.8,3.3,41,64,45,50,60
148,Dragonair,1,0,0,0,Dragon,,4,16.5,61,84,65,70,147
149,Dragonite,1,0,0,0,Dragon,Flying,2.2,210,91,134,95,80,270
150,Mewtwo,1,0,1,0,Psychic,,2,122,106,110,90,130,306
150,Mega Mewtwo X,1,0,1,0,Psychic,Fighting,2.3,127,106,190,100,130,351
150,Mega Mewtwo Y,1,0,1,0,Psychic,,1.5,33,106,150,70,140,351
151,Mew,1,0,0,1,Psychic,,0.4,4,100,100,100,100,270
152,Chikorita,2,0,0,0,Grass,,0.9,6.4,45,49,65,45,64
153,Bayleef,2,0,0,0,Grass,,1.2,15.8,60,62,80,60,142
154,Meganium,2,0,0,0,Grass,,1.8,100.5,80,82,100,80,236
155,Cyndaquil,2,0,0,0,Fire,,0.5,7.9,39,52,43,65,62
156,Quilava,2,0,0,0,Fire,,0.9,19,58,64,58,80,142
157,Typhlosion,2,0,0,0,Fire,,1.7,79.5,78,84,78,100,240
158,Totodile,2,0,0,0,Water,,0.6,9.5,50,65,64,43,63
159,Croconaw,2,0,0,0,Water,,1.1,25,65,80,80,58,142
160,Feraligatr,2,0,0,0,Water,,2.3,88.8,85,105,100,78,239
161,Sentret,2,0,0,0,Normal,,0.8,6,35,46,34,20,43
162,Furret,2,0,0,0,Normal,,1.8,32.5,85,76,64,90,145
163,Hoothoot,2,0,0,0,Normal,Flying,0.7,21.2,60,30,30,50,52
164,Noctowl,2,0,0,0,Normal,Flying,1.6,40.8,100,50,50,70,158
165,Ledyba,2,0,0,0,Bug,Flying,1,10.8,40,20,30,55,53
166,Ledian,2,0,0,0,Bug,Flying,1.4,35.6,55,35,50,85,137
167,Spinarak,2,0,0,0,Bug,Poison,0.5,8.5,40,60,40,30,50
168,Ariados,2,0,0,0,Bug,Poison,1.1,33.5,70,90,70,40,140
169,Crobat,2,0,0,0,Poison,Flying,1.8,75,85,90,80,130,241
170,Chinchou,2,0,0,0,Water,Electric,0.5,12,75,38,38,67,66
171,Lanturn,2,0,0,0,Water,Electric,1.2,22.5,125,58,58,67,161
172,Pichu,2,0,0,0,Electric,,0.3,2,20,40,15,60,41
173,Cleffa,2,0,0,0,Fairy,,0.3,3,50,25,28,15,44
174,Igglybuff,2,0,0,0,Normal,Fairy,0.3,1,90,30,15,15,42
175,Togepi,2,0,0,0,Fairy,,0.3,1.5,35,20,65,20,49
176,Togetic,2,0,0,0,Fairy,Flying,0.6,3.2,55,40,85,40,142
177,Natu,2,0,0,0,Psychic,Flying,0.2,2,40,50,45,70,64
178,Xatu,2,0,0,0,Psychic,Flying,1.5,15,65,75,70,95,165
179,Mareep,2,0,0,0,Electric,,0.6,7.8,55,40,40,35,56
180,Flaaffy,2,0,0,0,Electric,,0.8,13.3,70,55,55,45,128
181,Ampharos,2,0,0,0,Electric,,1.4,61.5,90,75,85,55,230
181,Mega Ampharos,2,0,0,0,Electric,Dragon,1.4,61.5,90,95,105,45,275
182,Bellossom,2,0,0,0,Grass,,0.4,5.8,75,80,95,50,221
183,Marill,2,0,0,0,Water,Fairy,0.4,8.5,70,20,50,40,88
184,Azumarill,2,0,0,0,Water,Fairy,0.8,28.5,100,50,80,50,189
185,Sudowoodo,2,0,0,0,Rock,,1.2,38,70,100,115,30,144
186,Politoed,2,0,0,0,Water,,1.1,33.9,90,75,75,70,225
187,Hoppip,2,0,0,0,Grass,Flying,0.4,0.5,35,35,40,50,50
188,Skiploom,2,0,0,0,Grass,Flying,0.6,1,55,45,50,80,119
189,Jumpluff,2,0,0,0,Grass,Flying,0.8,3,75,55,70,110,207
190,Aipom,2,0,0,0,Normal,,0.8,11.5,55,70,55,85,72
191,Sunkern,2,0,0,0,Grass,,0.3,1.8,30,30,30,30,36
192,Sunflora,2,0,0,0,Grass,,0.8,8.5,75,75,55,30,149
193,Yanma,2,0,0,0,Bug,Flying,1.2,38,65,65,45,95,78
194,Wooper,2,0,0,0,Water,Ground,0.4,8.5,55,45,45,15,42
195,Quagsire,2,0,0,0,Water,Ground,1.4,75,95,85,85,35,151
196,Espeon,2,0,0,0,Psychic,,0.9,26.5,65,65,60,110,184
197,Umbreon,2,0,0,0,Dark,,1,27,95,65,110,65,184
198,Murkrow,2,0,0,0,Water,Psychic,2,79.5,95,75,80,30,172
199,Slowking,2,0,0,0,,,,,,,,,
200,Misdreavus,2,0,0,0,Ghost,,0.7,1,60,60,60,85,87
201,Unown,2,0,0,0,Psychic,,0.5,5,48,72,48,48,118
202,Wobbuffet,2,0,0,0,Psychic,,1.3,28.5,190,33,58,33,142
203,Girafarig,2,0,0,0,Normal,Psychic,1.5,41.5,70,80,65,85,159
204,Pineco,2,0,0,0,Bug,,0.6,7.2,50,65,90,15,58
205,Forretress,2,0,0,0,Bug,Steel,1.2,125.8,75,90,140,40,163
206,Dunsparce,2,0,0,0,Normal,,1.5,14,100,70,70,45,145
207,Gligar,2,0,0,0,Ground,Flying,1.1,64.8,65,75,105,85,86
208,Steelix,2,0,0,0,Steel,Ground,9.2,400,75,85,200,30,179
208,Mega Steelix,2,0,0,0,Steel,Ground,10.5,740,75,125,230,30,214
209,Snubbull,2,0,0,0,Fairy,,0.6,7.8,60,80,50,30,60
210,Granbull,2,0,0,0,Fairy,,1.4,48.7,90,120,75,45,158
211,Qwilfish,2,0,0,0,Water,Poison,0.5,3.9,65,95,85,85,88
212,Scizor,2,0,0,0,Bug,Steel,1.8,118,70,130,100,65,175
212,Mega Scizor,2,0,0,0,Bug,Steel,2,125,70,150,140,75,210
213,Shuckle,2,0,0,0,Bug,Rock,0.6,20.5,20,10,230,5,177
214,Heracross,2,0,0,0,Bug,Fighting,1.5,54,80,125,75,85,175
214,Mega Heracross,2,0,0,0,Bug,Fighting,1.7,62.5,80,185,115,75,210
215,Sneasel,2,0,0,0,Dark,Ice,0.9,28,55,95,55,115,86
216,Teddiursa,2,0,0,0,Normal,,0.6,8.8,60,80,50,40,66
217,Ursaring,2,0,0,0,Normal,,1.8,125.8,90,130,75,55,175
218,Slugma,2,0,0,0,Fire,,0.7,35,40,40,40,20,50
219,Magcargo,2,0,0,0,Fire,Rock,0.8,55,60,50,120,30,151
220,Swinub,2,0,0,0,Ice,Ground,0.4,6.5,50,50,40,50,50
221,Piloswine,2,0,0,0,Ice,Ground,1.1,55.8,100,100,80,50,158
222,Corsola,2,0,0,0,Water,Rock,0.6,5,65,55,95,35,144
222,Galarian Corsola,2,0,0,0,Ghost,,0.6,0.5,60,55,100,30,
223,Remoraid,2,0,0,0,Water,,0.6,12,35,65,35,65,60
224,Octillery,2,0,0,0,Water,,0.9,28.5,75,105,75,45,168
225,Delibird,2,0,0,0,Ice,Flying,0.9,16,45,55,45,75,116
226,Mantine,2,0,0,0,Water,Flying,2.1,220,85,40,70,70,170
227,Skarmory,2,0,0,0,Steel,Flying,1.7,50.5,65,80,140,70,163
228,Houndour,2,0,0,0,Dark,Fire,0.6,10.8,45,60,30,65,66
229,Houndoom,2,0,0,0,Dark,Fire,1.4,35,75,90,50,95,175
229,Mega Houndoom,2,0,0,0,Dark,Fire,1.9,49.5,75,90,90,115,210
230,Kingdra,2,0,0,0,Water,Dragon,1.8,152,75,95,95,85,243
231,Phanpy,2,0,0,0,Ground,,0.5,33.5,90,60,60,40,66
232,Donphan,2,0,0,0,Ground,,1.1,120,90,120,120,50,175
233,Porygon2,2,0,0,0,Normal,,0.6,32.5,85,80,90,60,180
234,Stantler,2,0,0,0,Normal,,1.4,71.2,73,95,62,85,163
235,Smeargle,2,0,0,0,Normal,,1.2,58,55,20,35,75,88
236,Tyrogue,2,0,0,0,Fighting,,0.7,21,35,35,35,35,42
237,Hitmontop,2,0,0,0,Fighting,,1.4,48,50,95,95,70,159
238,Smoochum,2,0,0,0,Ice,Psychic,0.4,6,45,30,15,65,61
239,Elekid,2,0,0,0,Electric,,0.6,23.5,45,63,37,95,72
240,Magby,2,0,0,0,Fire,,0.7,21.4,45,75,37,83,73
241,Miltank,2,0,0,0,Normal,,1.2,75.5,95,80,105,100,172
242,Blissey,2,0,0,0,Normal,,1.5,46.8,255,10,10,55,608
243,Raikou,2,1,0,0,Electric,,1.9,178,90,85,75,115,261
244,Entei,2,1,0,0,Fire,,2.1,198,115,115,85,100,261
245,Suicune,2,1,0,0,Water,,2,187,100,75,115,85,261
246,Larvitar,2,0,0,0,Rock,Ground,0.6,72,50,64,50,41,60
247,Pupitar,2,0,0,0,Rock,Ground,1.2,152,70,84,70,51,144
248,Tyranitar,2,0,0,0,Rock,Dark,2,202,100,134,110,61,270
248,Mega Tyranitar,2,0,0,0,Rock,Dark,2.5,255,100,164,150,71,315
249,Lugia,2,0,1,0,Psychic,Flying,5.2,216,106,90,130,110,306
250,Ho-oh,2,0,1,0,Fire,Flying,3.8,199,106,130,90,90,306
251,Celebi,2,0,0,1,Psychic,Grass,0.6,5,100,100,100,100,270
252,Treecko,3,0,0,0,Grass,,0.5,5,40,45,35,70,62
253,Grovyle,3,0,0,0,Grass,,0.9,21.6,50,65,45,95,142
254,Sceptile,3,0,0,0,Grass,,1.7,52.2,70,85,65,120,239
254,Mega Sceptile,3,0,0,0,Grass,Dragon,1.9,55.2,70,110,75,145,284
255,Torchic,3,0,0,0,Fire,,0.4,2.5,45,60,40,45,62
256,Combusken,3,0,0,0,Fire,Fighting,0.9,19.5,60,85,60,55,142
257,Blaziken,3,0,0,0,Fire,Fighting,1.9,52,80,120,70,80,239
257,Mega Blaziken,3,0,0,0,Fire,Fighting,1.9,52,80,160,80,100,284
258,Mudkip,3,0,0,0,Water,,0.4,7.6,50,70,50,40,62
259,Marshtomp,3,0,0,0,Water,Ground,0.7,28,70,85,70,50,142
260,Swampert,3,0,0,0,Water,Ground,1.5,81.9,100,110,90,60,241
260,Mega Swampert,3,0,0,0,Water,Ground,1.9,102,100,150,110,70,286
261,Poochyena,3,0,0,0,Dark,,0.5,13.6,35,55,35,35,56
262,Mightyena,3,0,0,0,Dark,,1,37,70,90,70,70,147
263,Zigzagoon,3,0,0,0,Normal,,0.4,17.5,38,30,41,60,56
263,Galarian Zigzagoon,3,0,0,0,Dark,Normal,0.4,17.5,38,30,41,60,
264,Linoone,3,0,0,0,Normal,,0.5,32.5,78,70,61,100,147
264,Galarian Linoone,3,0,0,0,Dark,Normal,0.5,32.5,78,70,61,100,
265,Wurmple,3,0,0,0,Bug,,0.3,3.6,45,45,35,20,56
266,Silcoon,3,0,0,0,Bug,,0.6,10,50,35,55,15,72
267,Beautifly,3,0,0,0,Bug,Flying,1,28.4,60,70,50,65,178
268,Cascoon,3,0,0,0,Bug,,0.7,11.5,50,35,55,15,72
269,Dustox,3,0,0,0,Bug,Poison,1.2,31.6,60,50,70,65,173
270,Lotad,3,0,0,0,Water,Grass,0.5,2.6,40,30,30,30,44
271,Lombre,3,0,0,0,Water,Grass,1.2,32.5,60,50,50,50,119
272,Ludicolo,3,0,0,0,Water,Grass,1.5,55,80,70,70,70,216
273,Seedot,3,0,0,0,Grass,,0.5,4,40,40,50,30,44
274,Nuzleaf,3,0,0,0,Grass,Dark,1,28,70,70,40,60,119
275,Shiftry,3,0,0,0,Grass,Dark,1.3,59.6,90,100,60,80,216
276,Taillow,3,0,0,0,Normal,Flying,0.3,2.3,40,55,30,85,54
277,Swellow,3,0,0,0,Normal,Flying,0.7,19.8,60,85,60,125,159
278,Wingull,3,0,0,0,Water,Flying,0.6,9.5,40,30,30,85,54
279,Pelipper,3,0,0,0,Water,Flying,1.2,28,60,50,100,65,154
280,Ralts,3,0,0,0,Psychic,Fairy,0.4,6.6,28,25,25,40,40
281,Kirlia,3,0,0,0,Psychic,Fairy,0.8,20.2,38,35,35,50,97
282,Gardevoir,3,0,0,0,Psychic,Fairy,1.6,48.4,68,65,65,80,233
282,Mega Gardevoir,3,0,0,0,Psychic,Fairy,1.6,48.4,68,85,65,100,278
283,Surskit,3,0,0,0,Bug,Water,0.5,1.7,40,30,32,65,54
284,Masquerain,3,0,0,0,Bug,Flying,0.8,3.6,70,60,62,80,159
285,Shroomish,3,0,0,0,Grass,,0.4,4.5,60,40,60,35,59
286,Breloom,3,0,0,0,Grass,Fighting,1.2,39.2,60,130,80,70,161
287,Slakoth,3,0,0,0,Normal,,0.8,24,60,60,60,30,56
288,Vigoroth,3,0,0,0,Normal,,1.4,46.5,80,80,80,90,154
289,Slaking,3,0,0,0,Normal,,2,130.5,150,160,100,100,252
290,Nincada,3,0,0,0,Bug,Ground,0.5,5.5,31,45,90,40,53
291,Ninjask,3,0,0,0,Bug,Flying,0.8,12,61,90,45,160,160
292,Shedinja,3,0,0,0,Bug,Ghost,0.8,1.2,1,90,45,40,83
293,Whismur,3,0,0,0,Normal,,0.6,16.3,64,51,23,28,48
294,Loudred,3,0,0,0,Normal,,1,40.5,84,71,43,48,126
295,Exploud,3,0,0,0,Normal,,1.5,84,104,91,63,68,221
296,Makuhita,3,0,0,0,Fighting,,1,86.4,72,60,30,25,47
297,Hariyama,3,0,0,0,Fighting,,2.3,253.8,144,120,60,50,166
298,Azurill,3,0,0,0,Normal,Fairy,0.2,2,50,20,40,20,38
299,Nosepass,3,0,0,0,Rock,,1,97,30,45,135,30,75
300,Skitty,3,0,0,0,Normal,,0.6,11,50,45,45,50,52
301,Delcatty,3,0,0,0,Normal,,1.1,32.6,70,65,65,90,140
302,Sableye,3,0,0,0,Dark,Ghost,0.5,11,50,75,75,50,133
302,Mega Sableye,3,0,0,0,Dark,Ghost,0.5,161,50,85,125,20,168
303,Mawile,3,0,0,0,Steel,Fairy,0.6,11.5,50,85,85,50,133
303,Mega Mawile,3,0,0,0,Steel,Fairy,1,23.5,50,105,125,50,168
304,Aron,3,0,0,0,Steel,Rock,0.4,60,50,70,100,30,66
305,Lairon,3,0,0,0,Steel,Rock,0.9,120,60,90,140,40,151
306,Aggron,3,0,0,0,Steel,Rock,2.1,360,70,110,180,50,239
306,Mega Aggron,3,0,0,0,Steel,,2.2,395,70,140,230,50,284
307,Meditite,3,0,0,0,Fighting,Psychic,0.6,11.2,30,40,55,60,56
308,Medicham,3,0,0,0,Fighting,Psychic,1.3,31.5,60,60,75,80,144
308,Mega Medicham,3,0,0,0,Fighting,Psychic,1.3,31.5,60,100,85,100,179
309,Electrike,3,0,0,0,Electric,,0.6,15.2,40,45,40,65,59
310,Manectric,3,0,0,0,Electric,,1.5,40.2,70,75,60,105,166
310,Mega Manectric,3,0,0,0,Electric,,1.8,44,70,75,80,135,201
311,Plusle,3,0,0,0,Electric,,0.4,4.2,60,50,40,95,142
312,Minun,3,0,0,0,Electric,,0.4,4.2,60,40,50,95,142
313,Volbeat,3,0,0,0,Bug,,0.7,17.7,65,73,75,85,151
314,Illumise,3,0,0,0,Bug,,0.6,17.7,65,47,75,85,151
315,Roselia,3,0,0,0,Grass,Poison,0.3,2,50,60,45,65,140
316,Gulpin,3,0,0,0,Poison,,0.4,10.3,70,43,53,40,60
317,Swalot,3,0,0,0,Poison,,1.7,80,100,73,83,55,163
318,Carvanha,3,0,0,0,Water,Dark,0.8,20.8,45,90,20,65,61
319,Sharpedo,3,0,0,0,Water,Dark,1.8,88.8,70,120,40,95,161
319,Mega Sharpedo,3,0,0,0,Water,Dark,2.5,130.3,70,140,70,105,196
320,Wailmer,3,0,0,0,Water,,2,130,130,70,35,60,80
321,Wailord,3,0,0,0,Water,,14.5,398,170,90,45,60,175
322,Numel,3,0,0,0,Fire,Ground,0.7,24,60,60,40,35,61
323,Camerupt,3,0,0,0,Fire,Ground,1.9,220,70,100,70,40,161
323,Mega Camerupt,3,0,0,0,Fire,Ground,2.5,320.5,70,120,100,20,196
324,Torkoal,3,0,0,0,Fire,,0.5,80.4,70,85,140,20,165
325,Spoink,3,0,0,0,Psychic,,0.7,30.6,60,25,35,60,66
326,Grumpig,3,0,0,0,Psychic,,0.9,71.5,80,45,65,80,165
327,Spinda,3,0,0,0,Normal,,1.1,5,60,60,60,60,126
328,Trapinch,3,0,0,0,Ground,,0.7,15,45,100,45,10,58
329,Vibrava,3,0,0,0,Ground,Dragon,1.1,15.3,50,70,50,70,119
330,Flygon,3,0,0,0,Ground,Dragon,2,82,80,100,80,100,234
331,Cacnea,3,0,0,0,Grass,,0.4,51.3,50,85,40,35,67
332,Cacturne,3,0,0,0,Grass,Dark,1.3,77.4,70,115,60,55,166
333,Swablu,3,0,0,0,Normal,Flying,0.4,1.2,45,40,60,50,62
334,Altaria,3,0,0,0,Dragon,Flying,1.1,20.6,75,70,90,80,172
334,Mega Altaria,3,0,0,0,Dragon,Fairy,1.5,20.6,75,110,110,80,207
335,Zangoose,3,0,0,0,Normal,,1.3,40.3,73,115,60,90,160
336,Seviper,3,0,0,0,Poison,,2.7,52.5,73,100,60,65,160
337,Lunatone,3,0,0,0,Rock,Psychic,1,168,90,55,65,70,161
338,Solrock,3,0,0,0,Rock,Psychic,1.2,154,90,95,85,70,161
339,Barboach,3,0,0,0,Water,Ground,0.4,1.9,50,48,43,60,58
340,Whiscash,3,0,0,0,Water,Ground,0.9,23.6,110,78,73,60,164
341,Corphish,3,0,0,0,Water,,0.6,11.5,43,80,65,35,62
342,Crawdaunt,3,0,0,0,Water,Dark,1.1,32.8,63,120,85,55,164
343,Baltoy,3,0,0,0,Ground,Psychic,0.5,21.5,40,40,55,55,60
344,Claydol,3,0,0,0,Ground,Psychic,1.5,108,60,70,105,75,175
345,Lileep,3,0,0,0,Rock,Grass,1,23.8,66,41,77,23,71
346,Cradily,3,0,0,0,Rock,Grass,1.5,60.4,86,81,97,43,173
347,Anorith,3,0,0,0,Rock,Bug,0.7,12.5,45,95,50,75,71
348,Armaldo,3,0,0,0,Rock,Bug,1.5,68.2,75,125,100,45,173
349,Feebas,3,0,0,0,Water,,0.6,7.4,20,15,20,80,40
350,Milotic,3,0,0,0,Water,,6.2,162,95,60,79,81,189
351,Castform,3,0,0,0,Normal,,0.3,0.8,70,70,70,70,147
351,Castform Sunny Form,3,0,0,0,Fire,,0.3,0.8,70,70,70,70,147
351,Castform Rainy Form,3,0,0,0,Water,,0.3,0.8,70,70,70,70,147
351,Castform Snowy Form,3,0,0,0,Ice,,0.3,0.8,70,70,70,70,147
352,Kecleon,3,0,0,0,Normal,,1,22,60,90,70,40,154
353,Shuppet,3,0,0,0,Ghost,,0.6,2.3,44,75,35,45,59
354,Banette,3,0,0,0,Ghost,,1.1,12.5,64,115,65,65,159
354,Mega Banette,3,0,0,0,Ghost,,1.2,13,64,165,75,75,194
355,Duskull,3,0,0,0,Ghost,,0.8,15,20,40,90,25,59
356,Dusclops,3,0,0,0,Ghost,,1.6,30.6,40,70,130,25,159
357,Tropius,3,0,0,0,Grass,Flying,2,100,99,68,83,51,161
358,Chimecho,3,0,0,0,Psychic,,0.6,1,75,50,80,65,159
359,Absol,3,0,0,0,Dark,,1.2,47,65,130,60,75,163
359,Mega Absol,3,0,0,0,Dark,,1.2,49,65,150,60,115,198
360,Wynaut,3,0,0,0,Psychic,,0.6,14,95,23,48,23,52
361,Snorunt,3,0,0,0,Ice,,0.7,16.8,50,50,50,50,60
362,Glalie,3,0,0,0,Ice,,1.5,256.5,80,80,80,80,168
362,Mega Glalie,3,0,0,0,Ice,,2.1,350.2,80,120,80,100,203
363,Spheal,3,0,0,0,Ice,Water,0.8,39.5,70,40,50,25,58
364,Sealeo,3,0,0,0,Ice,Water,1.1,87.6,90,60,70,45,144
365,Walrein,3,0,0,0,Ice,Water,1.4,150.6,110,80,90,65,239
366,Clamperl,3,0,0,0,Water,,0.4,52.5,35,64,85,32,69
367,Huntail,3,0,0,0,Water,,1.7,27,55,104,105,52,170
368,Gorebyss,3,0,0,0,Water,,1.8,22.6,55,84,105,52,170
369,Relicanth,3,0,0,0,Water,Rock,1,23.4,100,90,130,55,170
370,Luvdisc,3,0,0,0,Water,,0.6,8.7,43,30,55,97,116
371,Bagon,3,0,0,0,Dragon,,0.6,42.1,45,75,60,50,60
372,Shelgon,3,0,0,0,Dragon,,1.1,110.5,65,95,100,50,147
373,Salamence,3,0,0,0,Dragon,Flying,1.5,102.6,95,135,80,100,270
373,Mega Salamence,3,0,0,0,Dragon,Flying,1.8,112.6,95,145,130,120,315
374,Beldum,3,0,0,0,Steel,Psychic,0.6,95.2,40,55,80,30,60
375,Metang,3,0,0,0,Steel,Psychic,1.2,202.5,60,75,100,50,147
376,Metagross,3,0,0,0,Steel,Psychic,1.6,550,80,135,130,70,270
376,Mega Metagross,3,0,0,0,Steel,Psychic,2.5,942.9,80,145,150,110,315
377,Regirock,3,1,0,0,Rock,,1.7,230,80,100,200,50,261
378,Regice,3,1,0,0,Ice,,1.8,175,80,50,100,50,261
379,Registeel,3,1,0,0,Steel,,1.9,205,80,75,150,50,261
380,Latias,3,1,0,0,Dragon,Psychic,1.4,40,80,80,90,110,270
380,Mega Latias,3,1,0,0,Dragon,Psychic,1.8,52,80,100,120,110,315
381,Latios,3,1,0,0,Dragon,Psychic,2,60,80,90,80,110,270
381,Mega Latios,3,1,0,0,Dragon,Psychic,2.3,70,80,130,100,110,315
382,Kyogre,3,0,1,0,Water,,4.5,352,100,100,90,90,302
382,Primal Kyogre,3,0,1,0,Water,,9.8,430,100,150,90,90,347
383,Groudon,3,0,1,0,Ground,,3.5,950,100,150,140,90,302
383,Primal Groudon,3,0,1,0,Ground,Fire,5,999.7,100,180,160,90,347
384,Rayquaza,3,0,1,0,Dragon,Flying,7,206.5,105,150,90,95,306
384,Mega Rayquaza,3,0,1,0,Dragon,Flying,10.8,392,105,180,100,115,351
385,Jirachi,3,0,0,1,Steel,Psychic,0.3,1.1,100,100,100,100,270
386,Deoxys Normal Forme,3,0,0,1,Psychic,,1.7,60.8,50,150,50,150,270
386,Deoxys Attack Forme,3,0,0,1,Psychic,,1.7,60.8,50,180,20,150,270
386,Deoxys Defense Forme,3,0,0,1,Psychic,,1.7,60.8,50,70,160,90,270
386,Deoxys Speed Forme,3,0,0,1,Psychic,,1.7,60.8,50,95,90,180,270
387,Turtwig,4,0,0,0,Grass,,0.4,10.2,55,68,64,31,64
388,Grotle,4,0,0,0,Grass,,1.1,97,75,89,85,36,142
389,Torterra,4,0,0,0,Grass,Ground,2.2,310,95,109,105,56,236
390,Chimchar,4,0,0,0,Fire,,0.5,6.2,44,58,44,61,62
391,Monferno,4,0,0,0,Fire,Fighting,0.9,22,64,78,52,81,142
392,Infernape,4,0,0,0,Fire,Fighting,1.2,55,76,104,71,108,240
393,Piplup,4,0,0,0,Water,,0.4,5.2,53,51,53,40,63
394,Prinplup,4,0,0,0,Water,,0.8,23,64,66,68,50,142
395,Empoleon,4,0,0,0,Water,Steel,1.7,84.5,84,86,88,60,239
396,Starly,4,0,0,0,Normal,Flying,0.3,2,40,55,30,60,49
397,Staravia,4,0,0,0,Normal,Flying,0.6,15.5,55,75,50,80,119
398,Staraptor,4,0,0,0,Normal,Flying,1.2,24.9,85,120,70,100,218
399,Bidoof,4,0,0,0,Normal,,0.5,20,59,45,40,31,50
400,Bibarel,4,0,0,0,Normal,Water,1,31.5,79,85,60,71,144
401,Kricketot,4,0,0,0,Bug,,0.3,2.2,37,25,41,25,39
402,Kricketune,4,0,0,0,Bug,,1,25.5,77,85,51,65,134
403,Shinx,4,0,0,0,Electric,,0.5,9.5,45,65,34,45,53
404,Luxio,4,0,0,0,Electric,,0.9,30.5,60,85,49,60,127
405,Luxray,4,0,0,0,Electric,,1.4,42,80,120,79,70,235
406,Budew,4,0,0,0,Grass,Poison,0.2,1.2,40,30,35,55,56
407,Roserade,4,0,0,0,Grass,Poison,0.9,14.5,60,70,65,90,232
408,Cranidos,4,0,0,0,Rock,,0.9,31.5,67,125,40,58,70
409,Rampardos,4,0,0,0,Rock,,1.6,102.5,97,165,60,58,173
410,Shieldon,4,0,0,0,Rock,Steel,0.5,57,30,42,118,30,70
411,Bastiodon,4,0,0,0,Rock,Steel,1.3,149.5,60,52,168,30,173
412,Burmy,4,0,0,0,Bug,,0.2,3.4,40,29,45,36,45
413,Wormadam Plant Cloak,4,0,0,0,Bug,Grass,0.5,6.5,60,59,85,36,148
413,Wormadam Sandy Cloak,4,0,0,0,Bug,Ground,0.5,6.5,60,79,105,36,148
413,Wormadam Trash Cloak,4,0,0,0,Bug,Steel,0.5,6.5,60,69,95,36,148
414,Mothim,4,0,0,0,Bug,Flying,0.9,23.3,70,94,50,66,148
415,Combee,4,0,0,0,Bug,Flying,0.3,5.5,30,30,42,70,49
416,Vespiquen,4,0,0,0,Bug,Flying,1.2,38.5,70,80,102,40,166
417,Pachirisu,4,0,0,0,Electric,,0.4,3.9,60,45,70,95,142
418,Buizel,4,0,0,0,Water,,0.7,29.5,55,65,35,85,66
419,Floatzel,4,0,0,0,Water,,1.1,33.5,85,105,55,115,173
420,Cherubi,4,0,0,0,Grass,,0.4,3.3,45,35,45,35,55
421,Cherrim,4,0,0,0,Grass,,0.5,9.3,70,60,70,85,158
422,Shellos,4,0,0,0,Water,,0.3,6.3,76,48,48,34,65
423,Gastrodon,4,0,0,0,Water,Ground,0.9,29.9,111,83,68,39,166
424,Ambipom,4,0,0,0,Normal,,1.2,20.3,75,100,66,115,169
425,Drifloon,4,0,0,0,Ghost,Flying,0.4,1.2,90,50,34,70,70
426,Drifblim,4,0,0,0,Ghost,Flying,1.2,15,150,80,44,80,174
427,Buneary,4,0,0,0,Normal,,0.4,5.5,55,66,44,85,70
428,Lopunny,4,0,0,0,Normal,,1.2,33.3,65,76,84,105,168
428,Mega Lopunny,4,0,0,0,Normal,Fighting,1.3,28.3,65,136,94,135,203
429,Mismagius,4,0,0,0,Ghost,,0.9,4.4,60,60,60,105,173
430,Honchkrow,4,0,0,0,Dark,Flying,0.9,27.3,100,125,52,71,177
431,Glameow,4,0,0,0,Normal,,0.5,3.9,49,55,42,85,62
432,Purugly,4,0,0,0,Normal,,1,43.8,71,82,64,112,158
433,Chingling,4,0,0,0,Psychic,,0.2,0.6,45,30,50,45,57
434,Stunky,4,0,0,0,Poison,Dark,0.4,19.2,63,63,47,74,66
435,Skuntank,4,0,0,0,Poison,Dark,1,38,103,93,67,84,168
436,Bronzor,4,0,0,0,Steel,Psychic,0.5,60.5,57,24,86,23,60
437,Bronzong,4,0,0,0,Steel,Psychic,1.3,187,67,89,116,33,175
438,Bonsly,4,0,0,0,Rock,,0.5,15,50,80,95,10,58
439,Mime Jr.,4,0,0,0,Psychic,Fairy,0.6,13,20,25,45,60,62
440,Happiny,4,0,0,0,Normal,,0.6,24.4,100,5,5,30,110
441,Chatot,4,0,0,0,Normal,Flying,0.5,1.9,76,65,45,91,144
442,Spiritomb,4,0,0,0,Ghost,Dark,1,108,50,92,108,35,170
443,Gible,4,0,0,0,Dragon,Ground,0.7,20.5,58,70,45,42,60
444,Gabite,4,0,0,0,Dragon,Ground,1.4,56,68,90,65,82,144
445,Garchomp,4,0,0,0,Dragon,Ground,1.9,95,108,130,95,102,270
445,Mega Garchomp,4,0,0,0,Dragon,Ground,1.9,95,108,170,115,92,315
446,Munchlax,4,0,0,0,Normal,,0.6,105,135,85,40,5,78
447,Riolu,4,0,0,0,Fighting,,0.7,20.2,40,70,40,60,57
448,Lucario,4,0,0,0,Fighting,Steel,1.2,54,70,110,70,90,184
448,Mega Lucario,4,0,0,0,Fighting,Steel,1.3,57.5,70,145,88,112,219
449,Hippopotas,4,0,0,0,Ground,,0.8,49.5,68,72,78,32,66
450,Hippowdon,4,0,0,0,Ground,,2,300,108,112,118,47,184
451,Skorupi,4,0,0,0,Poison,Bug,0.8,12,40,50,90,65,66
452,Drapion,4,0,0,0,Poison,Dark,1.3,61.5,70,90,110,95,175
453,Croagunk,4,0,0,0,Poison,Fighting,0.7,23,48,61,40,50,60
454,Toxicroak,4,0,0,0,Poison,Fighting,1.3,44.4,83,106,65,85,172
455,Carnivine,4,0,0,0,Grass,,1.4,27,74,100,72,46,159
456,Finneon,4,0,0,0,Water,,0.4,7,49,49,56,66,66
457,Lumineon,4,0,0,0,Water,,1.2,24,69,69,76,91,161
458,Mantyke,4,0,0,0,Water,Flying,1,65,45,20,50,50,69
459,Snover,4,0,0,0,Grass,Ice,1,50.5,60,62,50,40,67
460,Abomasnow,4,0,0,0,Grass,Ice,2.2,135.5,90,92,75,60,173
460,Mega Abomasnow,4,0,0,0,Grass,Ice,2.7,185,90,132,105,30,208
461,Weavile,4,0,0,0,Dark,Ice,1.1,34,70,120,65,125,179
462,Magnezone,4,0,0,0,Electric,Steel,1.2,180,70,70,115,60,241
463,Lickilicky,4,0,0,0,Normal,,1.7,140,110,85,95,50,180
464,Rhyperior,4,0,0,0,Ground,Rock,2.4,282.8,115,140,130,40,241
465,Tangrowth,4,0,0,0,Grass,,2,128.6,100,100,125,50,187
466,Electivire,4,0,0,0,Electric,,1.8,138.6,75,123,67,95,243
467,Magmortar,4,0,0,0,Fire,,1.6,68,75,95,67,83,243
468,Togekiss,4,0,0,0,Fairy,Flying,1.5,38,85,50,95,80,245
469,Yanmega,4,0,0,0,Bug,Flying,1.9,51.5,86,76,86,95,180
470,Leafeon,4,0,0,0,Grass,,1,25.5,65,110,130,95,184
471,Glaceon,4,0,0,0,Ice,,0.8,25.9,65,60,110,65,184
472,Gliscor,4,0,0,0,Ground,Flying,2,42.5,75,95,125,95,179
473,Mamoswine,4,0,0,0,Ice,Ground,2.5,291,110,130,80,80,239
474,Porygon-Z,4,0,0,0,Normal,,0.9,34,85,80,70,90,241
475,Gallade,4,0,0,0,Psychic,Fighting,1.6,52,68,125,65,80,233
475,Mega Gallade,4,0,0,0,Psychic,Fighting,1.6,56.4,68,165,95,110,278
476,Probopass,4,0,0,0,Rock,Steel,1.4,340,60,55,145,40,184
477,Dusknoir,4,0,0,0,Ghost,,2.2,106.6,45,100,135,45,236
478,Froslass,4,0,0,0,Ice,Ghost,1.3,26.6,70,80,70,110,168
479,Rotom,4,0,0,0,Electric,Ghost,0.3,0.3,50,50,77,91,154
479,Heat Rotom,4,0,0,0,Electric,Fire,0.3,0.3,50,65,107,86,182
479,Wash Rotom,4,0,0,0,Electric,Water,0.3,0.3,50,65,107,86,182
479,Frost Rotom,4,0,0,0,Electric,Ice,0.3,0.3,50,65,107,86,182
479,Fan Rotom,4,0,0,0,Electric,Flying,0.3,0.3,50,65,107,86,182
479,Mow Rotom,4,0,0,0,Electric,Grass,0.3,0.3,50,65,107,86,182
480,Uxie,4,1,0,0,Psychic,,0.3,0.3,75,75,130,95,261
481,Mesprit,4,1,0,0,Psychic,,0.3,0.3,80,105,105,80,261
482,Azelf,4,1,0,0,Psychic,,0.3,0.3,75,125,70,115,261
483,Dialga,4,0,1,0,Steel,Dragon,5.4,683,100,120,120,90,306
484,Palkia,4,0,1,0,Water,Dragon,4.2,336,90,120,100,100,306
485,Heatran,4,1,0,0,Fire,Steel,1.7,430,91,90,106,77,270
486,Regigigas,4,1,0,0,Normal,,3.7,420,110,160,110,100,302
487,Giratina Altered Forme,4,0,1,0,Ghost,Dragon,4.5,750,150,100,120,90,306
487,Giratina Origin Forme,4,0,1,0,Ghost,Dragon,6.9,650,150,120,100,90,306
488,Cresselia,4,1,0,0,Psychic,,1.5,85.6,120,70,120,85,270
489,Phione,4,0,0,1,Water,,0.4,3.1,80,80,80,80,216
490,Manaphy,4,0,0,1,Water,,0.3,1.4,100,100,100,100,270
491,Darkrai,4,0,0,1,Dark,,1.5,50.5,70,90,90,125,270
492,Shaymin Land Forme,4,0,0,1,Grass,,0.2,2.1,100,100,100,100,270
492,Shaymin Sky Forme,4,0,0,1,Grass,Flying,0.4,5.2,100,103,75,127,270
493,Arceus,4,0,0,1,Normal,,3.2,320,120,120,120,120,324
494,Victini,5,0,0,1,Psychic,Fire,0.4,4,100,100,100,100,270
495,Snivy,5,0,0,0,Grass,,0.6,8.1,45,45,55,63,62
496,Servine,5,0,0,0,Grass,,0.8,16,60,60,75,83,145
497,Serperior,5,0,0,0,Grass,,3.3,63,75,75,95,113,238
498,Tepig,5,0,0,0,Fire,,0.5,9.9,65,63,45,45,62
499,Pignite,5,0,0,0,Fire,Fighting,1,55.5,90,93,55,55,146
500,Emboar,5,0,0,0,Fire,Fighting,1.6,150,110,123,65,65,238
501,Oshawott,5,0,0,0,Water,,0.5,5.9,55,55,45,45,62
502,Dewott,5,0,0,0,Water,,0.8,24.5,75,75,60,60,145
503,Samurott,5,0,0,0,Water,,1.5,94.6,95,100,85,70,238
504,Patrat,5,0,0,0,Normal,,0.5,11.6,45,55,39,42,51
505,Watchog,5,0,0,0,Normal,,1.1,27,60,85,69,77,147
506,Lillipup,5,0,0,0,Normal,,0.4,4.1,45,60,45,55,55
507,Herdier,5,0,0,0,Normal,,0.9,14.7,65,80,65,60,130
508,Stoutland,5,0,0,0,Normal,,1.2,61,85,110,90,80,225
509,Purrloin,5,0,0,0,Dark,,0.4,10.1,41,50,37,66,56
510,Liepard,5,0,0,0,Dark,,1.1,37.5,64,88,50,106,156
511,Pansage,5,0,0,0,Grass,,0.6,10.5,50,53,48,64,63
512,Simisage,5,0,0,0,Grass,,1.1,30.5,75,98,63,101,174
513,Pansear,5,0,0,0,Fire,,0.6,11,50,53,48,64,63
514,Simisear,5,0,0,0,Fire,,1,28,75,98,63,101,174
515,Panpour,5,0,0,0,Water,,0.6,13.5,50,53,48,64,63
516,Simipour,5,0,0,0,Water,,1,29,75,98,63,101,174
517,Munna,5,0,0,0,Psychic,,0.6,23.3,76,25,45,24,58
518,Musharna,5,0,0,0,Psychic,,1.1,60.5,116,55,85,29,170
519,Pidove,5,0,0,0,Normal,Flying,0.3,2.1,50,55,50,43,53
520,Tranquill,5,0,0,0,Normal,Flying,0.6,15,62,77,62,65,125
521,Unfezant,5,0,0,0,Normal,Flying,1.2,29,80,115,80,93,220
522,Blitzle,5,0,0,0,Electric,,0.8,29.8,45,60,32,76,59
523,Zebstrika,5,0,0,0,Electric,,1.6,79.5,75,100,63,116,174
524,Roggenrola,5,0,0,0,Rock,,0.4,18,55,75,85,15,56
525,Boldore,5,0,0,0,Rock,,0.9,102,70,105,105,20,137
526,Gigalith,5,0,0,0,Rock,,1.7,260,85,135,130,25,232
527,Woobat,5,0,0,0,Psychic,Flying,0.4,2.1,65,45,43,72,65
528,Swoobat,5,0,0,0,Psychic,Flying,0.9,10.5,67,57,55,114,149
529,Drilbur,5,0,0,0,Ground,,0.3,8.5,60,85,40,68,66
530,Excadrill,5,0,0,0,Ground,Steel,0.7,40.4,110,135,60,88,178
531,Audino,5,0,0,0,Normal,,1.1,31,103,60,86,50,390
531,Mega Audino,5,0,0,0,Normal,Fairy,1.5,32,103,60,126,50,425
532,Timburr,5,0,0,0,Fighting,,0.6,12.5,75,80,55,35,61
533,Gurdurr,5,0,0,0,Fighting,,1.2,40,85,105,85,40,142
534,Conkeldurr,5,0,0,0,Fighting,,1.4,87,105,140,95,45,227
535,Tympole,5,0,0,0,Water,,0.5,4.5,50,50,40,64,59
536,Palpitoad,5,0,0,0,Water,Ground,0.8,17,75,65,55,69,134
537,Seismitoad,5,0,0,0,Water,Ground,1.5,62,105,95,75,74,229
538,Throh,5,0,0,0,Fighting,,1.3,55.5,120,100,85,45,163
539,Sawk,5,0,0,0,Fighting,,1.4,51,75,125,75,85,163
540,Sewaddle,5,0,0,0,Bug,Grass,0.3,2.5,45,53,70,42,62
541,Swadloon,5,0,0,0,Bug,Grass,0.5,7.3,55,63,90,42,133
542,Leavanny,5,0,0,0,Bug,Grass,1.2,20.5,75,103,80,92,225
543,Venipede,5,0,0,0,Bug,Poison,0.4,5.3,30,45,59,57,52
544,Whirlipede,5,0,0,0,Bug,Poison,1.2,58.5,40,55,99,47,126
545,Scolipede,5,0,0,0,Bug,Poison,2.5,200.5,60,100,89,112,218
546,Cottonee,5,0,0,0,Grass,Fairy,0.3,0.6,40,27,60,66,56
547,Whimsicott,5,0,0,0,Grass,Fairy,0.7,6.6,60,67,85,116,168
548,Petilil,5,0,0,0,Grass,,0.5,6.6,45,35,50,30,56
549,Lilligant,5,0,0,0,Grass,,1.1,16.3,70,60,75,90,168
550,Basculin Red-Striped Form,5,0,0,0,Water,,1,18,70,92,65,98,161
550,Basculin Blue-Striped Form,5,0,0,0,Water,,1,18,70,92,65,98,161
551,Sandile,5,0,0,0,Ground,Dark,0.7,15.2,50,72,35,65,58
552,Krokorok,5,0,0,0,Ground,Dark,1,33.4,60,82,45,74,123
553,Krookodile,5,0,0,0,Ground,Dark,1.5,96.3,95,117,80,92,234
554,Darumaka,5,0,0,0,Fire,,0.6,37.5,70,90,45,50,63
554,Galarian Darumaka,5,0,0,0,Ice,,0.7,40,70,90,45,50,
555,Darmanitan Standard Mode,5,0,0,0,Fire,,1.3,92.9,105,140,55,95,168
555,Darmanitan Zen Mode,5,0,0,0,Fire,Psychic,1.3,92.9,105,30,105,55,189
555,Darmanitan Galarian Standard Mode,5,0,0,0,Ice,,1.7,120,105,140,55,95,
555,Darmanitan Galarian Zen Mode,5,0,0,0,Ice,Fire,1.7,120,105,160,55,135,
556,Maractus,5,0,0,0,Grass,,1,28,75,86,67,60,161
557,Dwebble,5,0,0,0,Bug,Rock,0.3,14.5,50,65,85,55,65
558,Crustle,5,0,0,0,Bug,Rock,1.4,200,70,105,125,45,170
559,Scraggy,5,0,0,0,Dark,Fighting,0.6,11.8,50,75,70,48,70
560,Scrafty,5,0,0,0,Dark,Fighting,1.1,30,65,90,115,58,171
561,Sigilyph,5,0,0,0,Psychic,Flying,1.4,14,72,58,80,97,172
562,Yamask,5,0,0,0,Ghost,,0.5,1.5,38,30,85,30,61
562,Galarian Yamask,5,0,0,0,Ground,Ghost,0.5,1.5,38,55,85,30,
563,Cofagrigus,5,0,0,0,Ghost,,1.7,76.5,58,50,145,30,169
564,Tirtouga,5,0,0,0,Water,Rock,0.7,16.5,54,78,103,22,71
565,Carracosta,5,0,0,0,Water,Rock,1.2,81,74,108,133,32,173
566,Archen,5,0,0,0,Rock,Flying,0.5,9.5,55,112,45,70,71
567,Archeops,5,0,0,0,Rock,Flying,1.4,32,75,140,65,110,177
568,Trubbish,5,0,0,0,Poison,,0.6,31,50,50,62,65,66
569,Garbodor,5,0,0,0,Poison,,1.9,107.3,80,95,82,75,166
570,Zorua,5,0,0,0,Dark,,0.7,12.5,40,65,40,65,66
571,Zoroark,5,0,0,0,Dark,,1.6,81.1,60,105,60,105,179
572,Minccino,5,0,0,0,Normal,,0.4,5.8,55,50,40,75,60
573,Cinccino,5,0,0,0,Normal,,0.5,7.5,75,95,60,115,165
574,Gothita,5,0,0,0,Psychic,,0.4,5.8,45,30,50,45,58
575,Gothorita,5,0,0,0,Psychic,,0.7,18,60,45,70,55,137
576,Gothitelle,5,0,0,0,Psychic,,1.5,44,70,55,95,65,221
577,Solosis,5,0,0,0,Psychic,,0.3,1,45,30,40,20,58
578,Duosion,5,0,0,0,Psychic,,0.6,8,65,40,50,30,130
579,Reuniclus,5,0,0,0,Psychic,,1,20.1,110,65,75,30,221
580,Ducklett,5,0,0,0,Water,Flying,0.5,5.5,62,44,50,55,61
581,Swanna,5,0,0,0,Water,Flying,1.3,24.2,75,87,63,98,166
582,Vanillite,5,0,0,0,Ice,,0.4,5.7,36,50,50,44,61
583,Vanillish,5,0,0,0,Ice,,1.1,41,51,65,65,59,138
584,Vanilluxe,5,0,0,0,Ice,,1.3,57.5,71,95,85,79,241
585,Deerling,5,0,0,0,Normal,Grass,0.6,19.5,60,60,50,75,67
586,Sawsbuck,5,0,0,0,Normal,Grass,1.9,92.5,80,100,70,95,166
587,Emolga,5,0,0,0,Electric,Flying,0.4,5,55,75,60,103,150
588,Karrablast,5,0,0,0,Bug,,0.5,5.9,50,75,45,60,63
589,Escavalier,5,0,0,0,Bug,Steel,1,33,70,135,105,20,173
590,Foongus,5,0,0,0,Grass,Poison,0.2,1,69,55,45,15,59
591,Amoonguss,5,0,0,0,Grass,Poison,0.6,10.5,114,85,70,30,162
592,Frillish,5,0,0,0,Water,Ghost,1.2,33,55,40,50,40,67
593,Jellicent,5,0,0,0,Water,Ghost,2.2,135,100,60,70,60,168
594,Alomomola,5,0,0,0,Water,,1.2,31.6,165,75,80,65,165
595,Joltik,5,0,0,0,Bug,Electric,0.1,0.6,50,47,50,65,64
596,Galvantula,5,0,0,0,Bug,Electric,0.8,14.3,70,77,60,108,165
597,Ferroseed,5,0,0,0,Grass,Steel,0.6,18.8,44,50,91,10,61
598,Ferrothorn,5,0,0,0,Grass,Steel,1,110,74,94,131,20,171
599,Klink,5,0,0,0,Steel,,0.3,21,40,55,70,30,60
600,Klang,5,0,0,0,Steel,,0.6,51,60,80,95,50,154
601,Klinklang,5,0,0,0,Steel,,0.6,81,60,100,115,90,234
602,Tynamo,5,0,0,0,Electric,,0.2,0.3,35,55,40,60,55
603,Eelektrik,5,0,0,0,Electric,,1.2,22,65,85,70,40,142
604,Eelektross,5,0,0,0,Electric,,2.1,80.5,85,115,80,50,232
605,Elgyem,5,0,0,0,Psychic,,0.5,9,55,55,55,30,67
606,Beheeyem,5,0,0,0,Psychic,,1,34.5,75,75,75,40,170
607,Litwick,5,0,0,0,Ghost,Fire,0.3,3.1,50,30,55,20,55
608,Lampent,5,0,0,0,Ghost,Fire,0.6,13,60,40,60,55,130
609,Chandelure,5,0,0,0,Ghost,Fire,1,34.3,60,55,90,80,234
610,Axew,5,0,0,0,Dragon,,0.6,18,46,87,60,57,64
611,Fraxure,5,0,0,0,Dragon,,1,36,66,117,70,67,144
612,Haxorus,5,0,0,0,Dragon,,1.8,105.5,76,147,90,97,243
613,Cubchoo,5,0,0,0,Ice,,0.5,8.5,55,70,40,40,61
614,Beartic,5,0,0,0,Ice,,2.6,260,95,130,80,50,177
615,Cryogonal,5,0,0,0,Ice,,1.1,148,80,50,50,105,180
616,Shelmet,5,0,0,0,Bug,,0.4,7.7,50,40,85,25,61
617,Accelgor,5,0,0,0,Bug,,0.8,25.3,80,70,40,145,173
618,Stunfisk,5,0,0,0,Ground,Electric,0.7,11,109,66,84,32,165
618,Galarian Stunfisk,5,0,0,0,Ground,Steel,0.7,20.5,109,81,99,32,
619,Mienfoo,5,0,0,0,Fighting,,0.9,20,45,85,50,65,70
620,Mienshao,5,0,0,0,Fighting,,1.4,35.5,65,125,60,105,179
621,Druddigon,5,0,0,0,Dragon,,1.6,139,77,120,90,48,170
622,Golett,5,0,0,0,Ground,Ghost,1,92,59,74,50,35,61
623,Golurk,5,0,0,0,Ground,Ghost,2.8,330,89,124,80,55,169
624,Pawniard,5,0,0,0,Dark,Steel,0.5,10.2,45,85,70,60,68
625,Bisharp,5,0,0,0,Dark,Steel,1.6,70,65,125,100,70,172
626,Bouffalant,5,0,0,0,Normal,,1.6,94.6,95,110,95,55,172
627,Rufflet,5,0,0,0,Normal,Flying,0.5,10.5,70,83,50,60,70
628,Braviary,5,0,0,0,Normal,Flying,1.5,41,100,123,75,80,179
629,Vullaby,5,0,0,0,Dark,Flying,0.5,9,70,55,75,60,74
630,Mandibuzz,5,0,0,0,Dark,Flying,1.2,39.5,110,65,105,80,179
631,Heatmor,5,0,0,0,Fire,,1.4,58,85,97,66,65,169
632,Durant,5,0,0,0,Bug,Steel,0.3,33,58,109,112,109,169
633,Deino,5,0,0,0,Dark,Dragon,0.8,17.3,52,65,50,38,60
634,Zweilous,5,0,0,0,Dark,Dragon,1.4,50,72,85,70,58,147
635,Hydreigon,5,0,0,0,Dark,Dragon,1.8,160,92,105,90,98,270
636,Larvesta,5,0,0,0,Bug,Fire,1.1,28.8,55,85,55,60,72
637,Volcarona,5,0,0,0,Bug,Fire,1.6,46,85,60,65,100,248
638,Cobalion,5,1,0,0,Steel,Fighting,2.1,250,91,90,129,108,261
639,Terrakion,5,1,0,0,Rock,Fighting,1.9,260,91,129,90,108,261
640,Virizion,5,1,0,0,Grass,Fighting,2,200,91,90,72,108,261
641,Tornadus Incarnate Forme,5,1,0,0,Flying,,1.5,63,79,115,70,111,261
641,Tornadus Therian Forme,5,1,0,0,Flying,,1.4,63,79,100,80,121,261
642,Thundurus Incarnate Forme,5,1,0,0,Electric,Flying,1.5,61,79,115,70,111,261
642,Thundurus Therian Forme,5,1,0,0,Electric,Flying,3,61,79,105,70,101,261
643,Reshiram,5,0,1,0,Dragon,Fire,3.2,330,100,120,100,90,306
644,Zekrom,5,0,1,0,Dragon,Electric,2.9,345,100,150,120,90,306
645,Landorus Incarnate Forme,5,1,0,0,Ground,Flying,1.5,68,89,125,90,101,270
645,Landorus Therian Forme,5,1,0,0,Ground,Flying,1.3,68,89,145,90,91,270
646,Kyurem,5,0,1,0,Dragon,Ice,3,325,125,130,90,95,297
646,Black Kyurem,5,0,1,0,Dragon,Ice,3.3,325,125,170,100,95,315
646,White Kyurem,5,0,1,0,Dragon,Ice,3.6,325,125,120,90,95,315
647,Keldeo Ordinary Forme,5,0,0,1,Water,Fighting,1.4,48.5,91,72,90,108,261
647,Keldeo Resolute Forme,5,0,0,1,Water,Fighting,1.4,48.5,91,72,90,108,261
648,Meloetta Aria Forme,5,0,0,1,Normal,Psychic,0.6,6.5,100,77,77,90,270
648,Meloetta Pirouette Forme,5,0,0,1,Normal,Fighting,0.6,6.5,100,128,90,128,270
649,Genesect,5,0,0,1,Bug,Steel,1.5,82.5,71,120,95,99,270
650,Chespin,6,0,0,0,Grass,,0.4,9,56,61,65,38,63
651,Quilladin,6,0,0,0,Grass,,0.7,29,61,78,95,57,142
652,Chesnaught,6,0,0,0,Grass,Fighting,1.6,90,88,107,122,64,239
653,Fennekin,6,0,0,0,Fire,,0.4,9.4,40,45,40,60,61
654,Braixen,6,0,0,0,Fire,,1,14.5,59,59,58,73,143
655,Delphox,6,0,0,0,Fire,Psychic,1.5,39,75,69,72,104,240
656,Froakie,6,0,0,0,Water,,0.3,7,41,56,40,71,63
657,Frogadier,6,0,0,0,Water,,0.6,10.9,54,63,52,97,142
658,Greninja,6,0,0,0,Water,Dark,1.5,40,72,95,67,122,239
658,Ash-Greninja,6,0,0,0,Water,Dark,1.5,40,72,145,67,132,288
659,Bunnelby,6,0,0,0,Normal,,0.4,5,38,36,38,57,47
660,Diggersby,6,0,0,0,Normal,Ground,1,42.4,85,56,77,78,148
661,Fletchling,6,0,0,0,Normal,Flying,0.3,1.7,45,50,43,62,56
662,Fletchinder,6,0,0,0,Fire,Flying,0.7,16,62,73,55,84,134
663,Talonflame,6,0,0,0,Fire,Flying,1.2,24.5,78,81,71,126,175
664,Scatterbug,6,0,0,0,Bug,,0.3,2.5,38,35,40,35,40
665,Spewpa,6,0,0,0,Bug,,0.3,8.4,45,22,60,29,75
666,Vivillon,6,0,0,0,Bug,Flying,1.2,17,80,52,50,89,185
667,Litleo,6,0,0,0,Fire,Normal,0.6,13.5,62,50,58,72,74
668,Pyroar,6,0,0,0,Fire,Normal,1.5,81.5,86,68,72,106,177
669,Flab?©b?©,6,0,0,0,Fairy,,0.1,0.1,44,38,39,42,61
670,Floette,6,0,0,0,Fairy,,0.2,0.9,54,45,47,52,130
671,Florges,6,0,0,0,Fairy,,1.1,10,78,65,68,75,248
672,Skiddo,6,0,0,0,Grass,,0.9,31,66,65,48,52,70
673,Gogoat,6,0,0,0,Grass,,1.7,91,123,100,62,68,186
674,Pancham,6,0,0,0,Fighting,,0.6,8,67,82,62,43,70
675,Pangoro,6,0,0,0,Fighting,Dark,2.1,136,95,124,78,58,173
676,Furfrou,6,0,0,0,Normal,,1.2,28,75,80,60,102,165
677,Espurr,6,0,0,0,Psychic,,0.3,3.5,62,48,54,68,71
678,Meowstic Male,6,0,0,0,Psychic,,0.6,8.5,74,48,76,104,163
678,Meowstic Female,6,0,0,0,Psychic,,0.6,8.5,74,48,76,104,163
679,Honedge,6,0,0,0,Steel,Ghost,0.8,2,45,80,100,28,65
680,Doublade,6,0,0,0,Steel,Ghost,0.8,4.5,59,110,150,35,157
681,Aegislash Blade Forme,6,0,0,0,Steel,Ghost,1.7,53,60,150,50,60,234
681,Aegislash Shield Forme,6,0,0,0,Steel,Ghost,1.7,53,60,50,150,60,234
682,Spritzee,6,0,0,0,Fairy,,0.2,0.5,78,52,60,23,68
683,Aromatisse,6,0,0,0,Fairy,,0.8,15.5,101,72,72,29,162
684,Swirlix,6,0,0,0,Fairy,,0.4,3.5,62,48,66,49,68
685,Slurpuff,6,0,0,0,Fairy,,0.8,5,82,80,86,72,168
686,Inkay,6,0,0,0,Dark,Psychic,0.4,3.5,53,54,53,45,58
687,Malamar,6,0,0,0,Dark,Psychic,1.5,47,86,92,88,73,169
688,Binacle,6,0,0,0,Rock,Water,0.5,31,42,52,67,50,61
689,Barbaracle,6,0,0,0,Rock,Water,1.3,96,72,105,115,68,175
690,Skrelp,6,0,0,0,Poison,Water,0.5,7.3,50,60,60,30,64
691,Dragalge,6,0,0,0,Poison,Dragon,1.8,81.5,65,75,90,44,173
692,Clauncher,6,0,0,0,Water,,0.5,8.3,50,53,62,44,66
693,Clawitzer,6,0,0,0,Water,,1.3,35.3,71,73,88,59,100
694,Helioptile,6,0,0,0,Electric,Normal,0.5,6,44,38,33,70,58
695,Heliolisk,6,0,0,0,Electric,Normal,1,21,62,55,52,109,168
696,Tyrunt,6,0,0,0,Rock,Dragon,0.8,26,58,89,77,48,72
697,Tyrantrum,6,0,0,0,Rock,Dragon,2.5,270,82,121,119,71,182
698,Amaura,6,0,0,0,Rock,Ice,1.3,25.2,77,59,50,46,72
699,Aurorus,6,0,0,0,Rock,Ice,2.7,225,123,77,72,58,104
700,Sylveon,6,0,0,0,Fairy,,1,23.5,95,65,65,60,184
701,Hawlucha,6,0,0,0,Fighting,Flying,0.8,21.5,78,92,75,118,175
702,Dedenne,6,0,0,0,Electric,Fairy,0.2,2.2,67,58,57,101,151
703,Carbink,6,0,0,0,Rock,Fairy,0.3,5.7,50,50,150,50,100
704,Goomy,6,0,0,0,Dragon,,0.3,2.8,45,50,35,40,60
705,Sliggoo,6,0,0,0,Dragon,,0.8,17.5,68,75,53,60,158
706,Goodra,6,0,0,0,Dragon,,2,150.5,90,100,70,80,270
707,Klefki,6,0,0,0,Steel,Fairy,0.2,3,57,80,91,75,165
708,Phantump,6,0,0,0,Ghost,Grass,0.4,7,43,70,48,38,62
709,Trevenant,6,0,0,0,Ghost,Grass,1.5,71,85,110,76,56,166
710,Pumpkaboo Average Size,6,0,0,0,Ghost,Grass,0.4,5,49,66,70,51,67
710,Pumpkaboo Small Size,6,0,0,0,Ghost,Grass,0.3,3.5,44,66,70,56,67
710,Pumpkaboo Large Size,6,0,0,0,Ghost,Grass,0.5,7.5,54,66,70,46,67
710,Pumpkaboo Super Size,6,0,0,0,Ghost,Grass,0.8,15,59,66,70,41,67
711,Gourgeist Average Size,6,0,0,0,Ghost,Grass,0.9,12.5,65,90,122,84,173
711,Gourgeist Small Size,6,0,0,0,Ghost,Grass,0.7,9.5,55,85,122,99,173
711,Gourgeist Large Size,6,0,0,0,Ghost,Grass,1.1,14,75,95,122,69,173
711,Gourgeist Super Size,6,0,0,0,Ghost,Grass,1.7,39,85,100,122,54,173
712,Bergmite,6,0,0,0,Ice,,1,99.5,55,69,85,28,61
713,Avalugg,6,0,0,0,Ice,,2,505,95,117,184,28,180
714,Noibat,6,0,0,0,Flying,Dragon,0.5,8,40,30,35,55,49
715,Noivern,6,0,0,0,Flying,Dragon,1.5,85,85,70,80,123,187
716,Xerneas,6,0,1,0,Fairy,,3,215,126,131,95,99,306
717,Yveltal,6,0,1,0,Dark,Flying,5.8,203,126,131,95,99,306
718,Zygarde 50% Forme,6,0,1,0,Dragon,Ground,5,305,108,100,121,95,270
718,Zygarde 10% Forme,6,0,1,0,Dragon,Ground,1.2,33.5,54,100,71,115,219
718,Zygarde Complete Forme,6,0,1,0,Dragon,Ground,4.5,610,216,100,121,85,319
719,Diancie,6,0,0,1,Rock,Fairy,0.7,8.8,50,100,150,50,270
719,Mega Diancie,6,0,0,1,Rock,Fairy,1.1,27.8,50,160,110,110,315
720,Hoopa Hoopa Confined,6,0,0,1,Psychic,Ghost,0.5,9,80,110,60,70,270
720,Hoopa Hoopa Unbound,6,0,0,1,Psychic,Dark,6.5,490,80,160,60,80,306
721,Volcanion,6,0,0,1,Fire,Water,1.7,195,80,110,120,70,270
722,Rowlet,7,0,0,0,Grass,Flying,0.3,1.5,68,55,55,42,64
723,Dartrix,7,0,0,0,Grass,Flying,0.7,16,78,75,75,52,147
724,Decidueye,7,0,0,0,Grass,Ghost,1.6,36.6,78,107,75,70,239
725,Litten,7,0,0,0,Fire,,0.4,4.3,45,65,40,70,64
726,Torracat,7,0,0,0,Fire,,0.7,25,65,85,50,90,147
727,Incineroar,7,0,0,0,Fire,Dark,1.8,83,95,115,90,60,239
728,Popplio,7,0,0,0,Water,,0.4,7.5,50,54,54,40,64
729,Brionne,7,0,0,0,Water,,0.6,17.5,60,69,69,50,147
730,Primarina,7,0,0,0,Water,Fairy,1.8,44,80,74,74,60,239
731,Pikipek,7,0,0,0,Normal,Flying,0.3,1.2,35,75,30,65,53
732,Trumbeak,7,0,0,0,Normal,Flying,0.6,14.8,55,85,50,75,124
733,Toucannon,7,0,0,0,Normal,Flying,1.1,26,80,120,75,60,218
734,Yungoos,7,0,0,0,Normal,,0.4,6,48,70,30,45,51
735,Gumshoos,7,0,0,0,Normal,,0.7,14.2,88,110,60,45,146
736,Grubbin,7,0,0,0,Bug,,0.4,4.4,47,62,45,46,60
737,Charjabug,7,0,0,0,Bug,Electric,0.5,10.5,57,82,95,36,140
738,Vikavolt,7,0,0,0,Bug,Electric,1.5,45,77,70,90,43,225
739,Crabrawler,7,0,0,0,Fighting,,0.6,7,47,82,57,63,68
740,Crabominable,7,0,0,0,Fighting,Ice,1.7,180,97,132,77,43,167
741,Oricorio Baile Style,7,0,0,0,Fire,Flying,0.6,3.4,75,70,70,93,167
741,Oricorio Pom-Pom Style,7,0,0,0,Electric,Flying,0.6,3.4,75,70,70,93,167
741,Oricorio Pa'u Style,7,0,0,0,Psychic,Flying,0.6,3.4,75,70,70,93,167
741,Oricorio Sensu Style,7,0,0,0,Ghost,Flying,0.6,3.4,75,70,70,93,167
742,Cutiefly,7,0,0,0,Bug,Fairy,0.1,0.2,40,45,40,84,61
743,Ribombee,7,0,0,0,Bug,Fairy,0.2,0.5,60,55,60,124,162
744,Rockruff,7,0,0,0,Rock,,0.5,9.2,45,65,40,60,56
744,Own Tempo Rockruff,7,0,0,0,Rock,,0.5,9.2,45,65,40,60,56
745,Lycanroc Midday Form,7,0,0,0,Rock,,0.8,25,75,115,65,112,170
745,Lycanroc Midnight Form,7,0,0,0,Rock,,1.1,25,85,115,75,82,170
745,Lycanroc Dusk Form,7,0,0,0,Rock,,0.8,25,75,117,65,110,170
746,Wishiwashi Solo Form,7,0,0,0,Water,,0.2,0.3,45,20,20,40,61
746,Wishiwashi School Form,7,0,0,0,Water,,8.2,78.6,45,140,130,30,217
747,Mareanie,7,0,0,0,Poison,Water,0.4,8,50,53,62,45,61
748,Toxapex,7,0,0,0,Poison,Water,0.7,14.5,50,63,152,35,173
749,Mudbray,7,0,0,0,Ground,,1,110,70,100,70,45,77
750,Mudsdale,7,0,0,0,Ground,,2.5,920,100,125,100,35,175
751,Dewpider,7,0,0,0,Water,Bug,0.3,4,38,40,52,27,54
752,Araquanid,7,0,0,0,Water,Bug,1.8,82,68,70,92,42,159
753,Fomantis,7,0,0,0,Grass,,0.3,1.5,40,55,35,35,50
754,Lurantis,7,0,0,0,Grass,,0.9,18.5,70,105,90,45,168
755,Morelull,7,0,0,0,Grass,Fairy,0.2,1.5,40,35,55,15,57
756,Shiinotic,7,0,0,0,Grass,Fairy,1,11.5,60,45,80,30,142
757,Salandit,7,0,0,0,Poison,Fire,0.6,4.8,48,44,40,77,64
758,Salazzle,7,0,0,0,Poison,Fire,1.2,22.2,68,64,60,117,168
759,Stufful,7,0,0,0,Normal,Fighting,0.5,6.8,70,75,50,50,68
760,Bewear,7,0,0,0,Normal,Fighting,2.1,135,120,125,80,60,175
761,Bounsweet,7,0,0,0,Grass,,0.3,3.2,42,30,38,32,42
762,Steenee,7,0,0,0,Grass,,0.7,8.2,52,40,48,62,102
763,Tsareena,7,0,0,0,Grass,,1.2,21.4,72,120,98,72,230
764,Comfey,7,0,0,0,Fairy,,0.1,0.3,51,52,90,100,170
765,Oranguru,7,0,0,0,Normal,Psychic,1.5,76,90,60,80,60,172
766,Passimian,7,0,0,0,Fighting,,2,82.8,100,120,90,80,172
767,Wimpod,7,0,0,0,Bug,Water,0.5,12,25,35,40,80,46
768,Golisopod,7,0,0,0,Bug,Water,2,108,75,125,140,40,186
769,Sandygast,7,0,0,0,Ghost,Ground,0.5,70,55,55,80,15,64
770,Palossand,7,0,0,0,Ghost,Ground,1.3,250,85,75,110,35,168
771,Pyukumuku,7,0,0,0,Water,,0.3,1.2,55,60,130,5,144
772,Type: Null,7,1,0,0,Normal,,1.9,120.5,95,95,95,59,107
773,Silvally,7,1,0,0,Normal,,2.3,100.5,95,95,95,95,257
774,Minior Meteor Form,7,0,0,0,Rock,Flying,0.3,40,60,60,100,60,154
774,Minior Core Form,7,0,0,0,Rock,Flying,0.3,0.3,60,100,60,120,175
775,Komala,7,0,0,0,Normal,,0.4,19.9,65,115,65,65,168
776,Turtonator,7,0,0,0,Fire,Dragon,2,212,60,78,135,36,170
777,Togedemaru,7,0,0,0,Electric,Steel,0.3,3.3,65,98,63,96,152
778,Mimikyu,7,0,0,0,Ghost,Fairy,0.2,0.7,55,90,80,96,167
779,Bruxish,7,0,0,0,Water,Psychic,0.9,19,68,105,70,92,166
780,Drampa,7,0,0,0,Normal,Dragon,3,185,78,60,85,36,170
781,Dhelmise,7,0,0,0,Ghost,Grass,3.9,210,70,131,100,40,181
782,Jangmo-o,7,0,0,0,Dragon,,0.6,29.7,45,55,65,45,60
783,Hakamo-o,7,0,0,0,Dragon,Fighting,1.2,47,55,75,90,65,147
784,Kommo-o,7,0,0,0,Dragon,Fighting,1.6,78.2,75,110,125,85,270
785,Tapu Koko,7,1,0,0,Electric,Fairy,1.8,20.5,70,115,85,130,257
786,Tapu Lele,7,1,0,0,Psychic,Fairy,1.2,18.6,70,85,75,95,257
787,Tapu Bulu,7,1,0,0,Grass,Fairy,1.9,45.5,70,130,115,75,257
788,Tapu Fini,7,1,0,0,Water,Fairy,1.3,21.2,70,75,115,85,257
789,Cosmog,7,0,1,0,Psychic,,0.2,0.1,43,29,31,37,40
790,Cosmoem,7,0,1,0,Psychic,,0.1,999.9,43,29,131,37,140
791,Solgaleo,7,0,1,0,Psychic,Steel,3.4,230,137,137,107,97,306
792,Lunala,7,0,1,0,Psychic,Ghost,4,120,137,113,89,97,306
793,Nihilego,7,1,0,0,Rock,Poison,1.2,55.5,109,53,47,103,257
794,Buzzwole,7,1,0,0,Bug,Fighting,2.4,333.6,107,139,139,79,257
795,Pheromosa,7,1,0,0,Bug,Fighting,1.8,25,71,137,37,151,257
796,Xurkitree,7,1,0,0,Electric,,3.8,100,83,89,71,83,257
797,Celesteela,7,1,0,0,Steel,Flying,9.2,999.9,97,101,103,61,257
798,Kartana,7,1,0,0,Grass,Steel,0.3,0.1,59,181,131,109,257
799,Guzzlord,7,1,0,0,Dark,Dragon,5.5,888,223,101,53,43,257
800,Necrozma,7,0,1,0,Psychic,,2.4,230,97,107,101,79,270
800,Dusk Mane Necrozma,7,0,1,0,Psychic,Steel,3.8,460,97,157,127,77,306
800,Dawn Wings Necrozma,7,0,1,0,Psychic,Ghost,4.2,350,97,113,109,77,306
800,Ultra Necrozma,7,0,1,0,Psychic,Dragon,7.5,230,97,167,97,129,339
801,Magearna,7,0,0,1,Steel,Fairy,1,80.5,80,95,115,65,270
802,Marshadow,7,0,0,1,Fighting,Ghost,0.7,22.2,90,125,80,125,270
803,Poipole,7,1,0,0,Poison,,0.6,1.8,67,73,67,73,189
804,Naganadel,7,1,0,0,Poison,Dragon,3.6,150,73,73,73,121,243
805,Stakataka,7,1,0,0,Rock,Steel,5.5,820,61,131,211,13,257
806,Blacephalon,7,1,0,0,Fire,Ghost,1.8,13,53,127,53,107,257
807,Zeraora,7,0,0,1,Electric,,1.5,44.5,88,112,75,143,270
808,Meltan,7,0,0,1,Steel,,0.2,8,46,65,65,34,
809,Melmetal,7,0,0,1,Steel,,2.5,800,135,143,143,34,
810,Grookey,8,0,0,0,Grass,,0.3,5,50,65,50,65,
811,Thwackey,8,0,0,0,Grass,,0.7,14,70,85,70,80,
812,Rillaboom,8,0,0,0,Grass,,2.1,90,100,125,90,85,
813,Scorbunny,8,0,0,0,Fire,,0.3,4.5,50,71,40,69,
814,Raboot,8,0,0,0,Fire,,0.6,9,65,86,60,94,
815,Cinderace,8,0,0,0,Fire,,1.4,33,80,116,75,119,
816,Sobble,8,0,0,0,Water,,0.3,4,50,40,40,70,
817,Drizzile,8,0,0,0,Water,,0.7,11.5,65,60,55,90,
818,Inteleon,8,0,0,0,Water,,1.9,45.2,70,85,65,120,
819,Skwovet,8,0,0,0,Normal,,0.3,2.5,70,55,55,25,
820,Greedent,8,0,0,0,Normal,,0.6,6,120,95,95,20,
821,Rookidee,8,0,0,0,Flying,,0.2,1.8,38,47,35,57,
822,Corvisquire,8,0,0,0,Flying,,0.8,16,68,67,55,77,
823,Corviknight,8,0,0,0,Flying,Steel,2.2,75,98,87,105,67,
824,Blipbug,8,0,0,0,Bug,,0.4,8,25,20,20,45,
825,Dottler,8,0,0,0,Bug,Psychic,0.4,19.5,50,35,80,30,
826,Orbeetle,8,0,0,0,Bug,Psychic,0.4,40.8,60,45,110,90,
827,Nickit,8,0,0,0,Dark,,0.6,8.9,40,28,28,50,
828,Thievul,8,0,0,0,Dark,,1.2,19.9,70,58,58,90,
829,Gossifleur,8,0,0,0,Grass,,0.4,2.2,40,40,60,10,
830,Eldegoss,8,0,0,0,Grass,,0.5,2.5,60,50,90,60,
831,Wooloo,8,0,0,0,Normal,,0.6,6,42,40,55,48,
832,Dubwool,8,0,0,0,Normal,,1.3,43,72,80,100,88,
833,Chewtle,8,0,0,0,Water,,0.3,8.5,50,64,50,44,
834,Drednaw,8,0,0,0,Water,Rock,1,115.5,90,115,90,74,
835,Yamper,8,0,0,0,Electric,,0.3,13.5,59,45,50,26,
836,Boltund,8,0,0,0,Electric,,1,34,69,90,60,121,
837,Rolycoly,8,0,0,0,Rock,,0.3,12,30,40,50,30,
838,Carkol,8,0,0,0,Rock,Fire,1.1,78,80,60,90,50,
839,Coalossal,8,0,0,0,Rock,Fire,2.8,310.5,110,80,120,30,
840,Applin,8,0,0,0,Grass,Dragon,0.2,0.5,40,40,80,20,
841,Flapple,8,0,0,0,Grass,Dragon,0.3,1,70,110,80,70,
842,Appletun,8,0,0,0,Grass,Dragon,0.4,13,110,85,80,30,
843,Silicobra,8,0,0,0,Ground,,2.2,7.6,52,57,75,46,
844,Sandaconda,8,0,0,0,Ground,,3.8,65.5,72,107,125,71,
845,Cramorant,8,0,0,0,Flying,Water,0.8,18,70,85,55,85,
846,Arrokuda,8,0,0,0,Water,,0.5,1,41,63,40,66,
847,Barraskewda,8,0,0,0,Water,,1.3,30,61,123,60,136,
848,Toxel,8,0,0,0,Electric,Poison,0.4,11,40,38,35,40,
849,Toxtricity Low Key Form,8,0,0,0,Electric,Poison,1.6,40,75,98,70,75,
849,Toxtricity Amped Form,8,0,0,0,Electric,Poison,1.6,40,75,98,70,75,
850,Sizzlipede,8,0,0,0,Fire,Bug,0.7,1,50,65,45,45,
851,Centiskorch,8,0,0,0,Fire,Bug,3,120,100,115,65,65,
852,Clobbopus,8,0,0,0,Fighting,,0.6,4,50,68,60,32,
853,Grapploct,8,0,0,0,Fighting,,1.6,39,80,118,90,42,
854,Sinistea,8,0,0,0,Ghost,,0.1,0.2,40,45,45,50,
855,Polteageist,8,0,0,0,Ghost,,0.2,0.4,60,65,65,70,
856,Hatenna,8,0,0,0,Psychic,,0.4,3.4,42,30,45,39,
857,Hattrem,8,0,0,0,Psychic,,0.6,4.8,57,40,65,49,
858,Hatterene,8,0,0,0,Psychic,Fairy,2.1,5,57,90,95,29,
859,Impidimp,8,0,0,0,Dark,Fairy,0.4,5.5,45,45,30,50,
860,Morgrem,8,0,0,0,Dark,Fairy,0.8,12.5,65,60,45,70,
861,Grimmsnarl,8,0,0,0,Dark,Fairy,1.5,61,95,120,65,60,
862,Obstagoon,8,0,0,0,Dark,Normal,1.6,46,93,90,101,95,
863,Perrserker,8,0,0,0,Steel,,0.8,28,70,110,100,50,
864,Cursola,8,0,0,0,Ghost,,1,0.4,60,95,50,30,
865,Sirfetch'd,8,0,0,0,Fighting,,0.8,117,62,135,95,65,
866,Mr. Rime,8,0,0,0,Psychic,Ice,1.5,58.2,80,85,75,70,
867,Runerigus,8,0,0,0,Ground,Ghost,1.6,66.6,58,95,145,30,
868,Milcery,8,0,0,0,Fairy,,0.2,0.3,45,40,40,34,
869,Alcremie,8,0,0,0,Fairy,,0.3,0.5,65,60,75,64,
870,Falinks,8,0,0,0,Fighting,,3,62,65,100,100,75,
871,Pincurchin,8,0,0,0,Electric,,0.3,1,48,101,95,15,
872,Snom,8,0,0,0,Ice,Bug,0.3,3.8,30,25,35,20,
873,Frosmoth,8,0,0,0,Ice,Bug,1.3,42,70,65,60,65,
874,Stonjourner,8,0,0,0,Rock,,2.5,520,100,125,135,70,
875,Eiscue Ice Face,8,0,0,0,Ice,,1.4,89,75,80,110,50,
875,Eiscue Noice Face,8,0,0,0,Ice,,1.4,89,75,80,70,130,
876,Indeedee Male,8,0,0,0,Psychic,Normal,0.9,28,60,65,55,95,
876,Indeedee Female,8,0,0,0,Psychic,Normal,0.9,28,70,55,65,85,
877,Morpeko Full Belly Mode,8,0,0,0,Electric,Dark,0.3,3,58,95,58,97,
877,Morpeko Hangry Mode,8,0,0,0,Electric,Dark,0.3,3,58,95,58,97,
878,Cufant,8,0,0,0,Steel,,1.2,100,72,80,49,40,
879,Copperajah,8,0,0,0,Steel,,3,650,122,130,69,30,
880,Dracozolt,8,0,0,0,Electric,Dragon,1.8,190,90,100,90,75,
881,Arctozolt,8,0,0,0,Electric,Ice,2.3,150,90,100,90,55,
882,Dracovish,8,0,0,0,Water,Dragon,2.3,215,90,90,100,75,
883,Arctovish,8,0,0,0,Water,Ice,2,175,90,90,100,55,
884,Duraludon,8,0,0,0,Steel,Dragon,1.8,40,70,95,115,85,
885,Dreepy,8,0,0,0,Dragon,Ghost,0.5,2,28,60,30,82,
886,Drakloak,8,0,0,0,Dragon,Ghost,1.4,11,68,80,50,102,
887,Dragapult,8,0,0,0,Dragon,Ghost,3,50,88,120,75,142,
888,Zacian Crowned Sword,8,0,1,0,Fairy,Steel,2.8,355,92,170,115,148,
888,Zacian Hero of Many Battles,8,0,1,0,Fairy,,2.8,110,92,130,115,138,
889,Zamazenta Crowned Shield,8,0,1,0,Fighting,Steel,2.9,785,92,130,145,128,
889,Zamazenta Hero of Many Battles,8,0,1,0,Fighting,,2.9,210,92,130,115,138,
890,Eternatus,8,0,1,0,Poison,Dragon,20,950,140,85,95,130,
890,Eternatus Eternamax,8,0,1,0,Poison,Dragon,100,,255,115,250,130,
